Tên địa điểm,Tỉnh / Thành phố,Miền
Hồ Gơm,Hà Nội,Miền Bắc
Văn Miếu - Quốc tử giám,Hà Nội,Miền Bắc
Lăng Bác,Hà Nội,Miền Bắc
Hồ Tây,Hà Nội,Miền Bắc
Cao nguyên đá Đồng Văn,Hà Giang,Miền Bắc
Cột cờ Lũng Cú,Hà Giang,Miền Bắc
Đèo Mã Pí Lèng,Hà Giang,Miền Bắc
Thác Bản Giốc,Cao Bằng,Miền Bắc
Động Ngườm Ngao,Cao Bằng,Miền Bắc
Hồ Thang Hen,Cao Bằng,Miền Bắc
Núi Mẫu Sơn,Lạng Sơn,Miền Bắc
Thành Nhà Mạc,Lạng Sơn,Miền Bắc
Chợ Đông Kinh,Lạng Sơn,Miền Bắc
Vịnh Hạ Long,Quảng Ninh,Miền Bắc
Bãi Cháy,Quảng Ninh,Miền Bắc
Đảo Cô Tô,Quảng Ninh,Miền Bắc
Hồ Ba Bể,Bắc Kạn,Miền Bắc
Động Puông,Bắc Kạn,Miền Bắc
Thác Đầu Đẳng,Bắc Kạn,Miền Bắc
Suối khoáng Mỹ Lâm,Tuyên Quang,Miền Bắc
Na Hang,Tuyên Quang,Miền Bắc
Sa Pa,Lào Cai,Miền Bắc
Bắc Hà,Lào Cai,Miền Bắc
Mù Cang Chải,Yên Bái,Miền Bắc
Suối Giàng,Yên Bái,Miền Bắc
Hồ Thác Bà,Yên Bái,Miền Bắc
Điện Biên Phủ,Điện Biên,Miền Bắc
Hồ Pá Khoang,Điện Biên,Miền Bắc
Pu Ta Leng,Lai Châu,Miền Bắc
Đèo Ô Quy Hồ,Lai Châu,Miền Bắc
Sin Suối Hồ,Lai Châu,Miền Bắc
Mộc Châu,Sơn La,Miền Bắc
Nhà tù Sơn La,Sơn La,Miền Bắc
Thung Nai,Hòa Bình,Miền Bắc
Mai Châu,Hòa Bình,Miền Bắc
Suối khoáng Kim Bôi,Hòa Bình,Miền Bắc
Tây Yên Tử,Bắc Giang,Miền Bắc
Đồng Cao,Bắc Giang,Miền Bắc
Suối Mỡ,Bắc Giang,Miền Bắc
Chùa Dâu,Bắc Ninh,Miền Bắc
Làng quan họ,Bắc Ninh,Miền Bắc
Tam Đảo,Vĩnh Phúc,Miền Bắc
Tây Thiên,Vĩnh Phúc,Miền Bắc
Đại Lải,Vĩnh Phúc,Miền Bắc
Đền Hùng,Phú Thọ,Miền Bắc
Ao Giời – Suối Tiên,Phú Thọ,Miền Bắc
Hồ Núi Cốc,Thái Nguyên,Miền Bắc
ATK Định Hóa,Thái Nguyên,Miền Bắc
Nhà thờ Phú Nhai,Nam Định,Miền Bắc
Chùa Cổ Lễ,Nam Định,Miền Bắc
Biển Thịnh Long,Nam Định,Miền Bắc
Tràng An,Ninh Bình,Miền Bắc
Tam Cốc,Ninh Bình,Miền Bắc
Hang Múa,Ninh Bình,Miền Bắc
Chùa Bái Đính,Ninh Bình,Miền Bắc
Biển Đồng Châu,Thái Bình,Miền Bắc
Chùa Keo,Thái Bình,Miền Bắc
Côn Sơn – Kiếp Bạc,Hải Dương,Miền Bắc
Đảo Cò Chi Lăng,Hải Dương,Miền Bắc
Đồ Sơn,Hải Phòng,Miền Bắc
Cát Bà,Hải Phòng,Miền Bắc
Tuyệt tình cốc,Hải Phòng,Miền Bắc
Sầm Sơn,Thanh Hóa,Miền Trung
Pù Luông,Thanh Hóa,Miền Trung
Thành Nhà Hồ,Thanh Hóa,Miền Trung
Cửa Lò,Nghệ An,Miền Trung
Quê Bác (Kim Liên),Nghệ An,Miền Trung
Thác Khe Kèm,Nghệ An,Miền Trung
Thiên Cầm,Hà Tĩnh,Miền Trung
Ngã ba Đồng Lộc,Hà Tĩnh,Miền Trung
Hồ Kẻ Gỗ,Hà Tĩnh,Miền Trung
Phong Nha – Kẻ Bàng,Quảng Bình,Miền Trung
Hang Sơn Đoòng,Quảng Bình,Miền Trung
Biển Nhật Lệ,Quảng Bình,Miền Trung
Thành cổ Quảng Trị,Quảng Trị,Miền Trung
Địa đạo Vịnh Mốc,Quảng Trị,Miền Trung
Cồn Cỏ,Quảng Trị,Miền Trung
Kinh thành Huế,Thừa Thiên Huế,Miền Trung
Chùa Thiên Mụ,Thừa Thiên Huế,Miền Trung
Sông Hương,Thừa Thiên Huế,Miền Trung
Lăng Tự Đức,Thừa Thiên Huế,Miền Trung
Bà Nà Hills,Đà Nẵng,Miền Trung
Cầu Rồng,Đà Nẵng,Miền Trung
Ngũ Hành Sơn,Đà Nẵng,Miền Trung
Biển Mỹ Khê,Đà Nẵng,Miền Trung
Hội An,Quảng Nam,Miền Trung
Mỹ Sơn,Quảng Nam,Miền Trung
Cù Lao Chàm,Quảng Nam,Miền Trung
Thác Trắng,Quảng Ngãi,Miền Trung
Sa Huỳnh,Quảng Ngãi,Miền Trung
Eo Gió,Bình Định,Miền Trung
Kỳ Co,Bình Định,Miền Trung
Tháp Đôi,Bình Định,Miền Trung
Ghềnh Ráng,Bình Định,Miền Trung
Gành Đá Đĩa,Phú Yên,Miền Trung
Bãi Xép,Phú Yên,Miền Trung
Vũng Rô,Phú Yên,Miền Trung
Nha Trang,Khánh Hòa,Miền Trung
Tháp Bà Ponagar,Khánh Hòa,Miền Trung
Vịnh Vĩnh Hy,Ninh Thuận,Miền Trung
Tháp Po Klong Garai,Ninh Thuận,Miền Trung
Hang Rái,Ninh Thuận,Miền Trung
Mũi Né,Bình Thuận,Miền Trung
Bàu Trắng,Bình Thuận,Miền Trung
Hòn Rơm,Bình Thuận,Miền Trung
Hải đăng Kê Gà,Bình Thuận,Miền Trung
Nhà thờ gỗ Kon Tum,Kom Tum,Miền Trung
Măng Đen,Kom Tum,Miền Trung
Ngục Kon Tum,Kom Tum,Miền Trung
Biển Hồ,Gia Lai,Miền Trung
Thác Phú Cường,Gia Lai,Miền Trung
Núi lửa Chư Đăng Ya,Gia Lai,Miền Trung
Buôn Đôn,Đắk Lắk,Miền Trung
Hồ Lắk,Đắk Lắk,Miền Trung
Thác Dray Nur – Dray Sáp,Đắk Lắk,Miền Trung
Hồ Tà Đùng,Đắk Nông,Miền Trung
Thác Gia Long,Đắk Nông,Miền Trung
Thác Liêng Nung,Đắk Nông,Miền Trung
Đà Lạt,Lâm Đồng,Miền Trung
Nhà thờ Đức Bà,TP. Hồ Chí Minh,Miền Nam
Dinh Độc Lập,TP. Hồ Chí Minh,Miền Nam
Phố đi bộ Nguyễn Huệ,TP. Hồ Chí Minh,Miền Nam
Chợ Bến Thành,TP. Hồ Chí Minh,Miền Nam
Chùa Bà Thiên Hậu,Bình Dương,Miền Nam
Vườn quốc gia Bù Gia Mập,Bình Phước,Miền Nam
Sóc Bom Bo,Bình Phước,Miền Nam
Vườn quốc gia Nam Cát Tiên,Đồng Nai,Miền Nam
Bửu Long,Đồng Nai,Miền Nam
Thác Giang Điền,Đồng Nai,Miền Nam
Biển Vũng Tàu,Vũng Tàu,Miền Nam
Ngọn hải đăng,Vũng Tàu,Miền Nam
Hồ Tràm,Vũng Tàu,Miền Nam
Núi Bà Đen,Tây Ninh,Miền Nam
Tòa Thánh Tây Ninh,Tây Ninh,Miền Nam
Hồ Dầu Tiếng,Tây Ninh,Miền Nam
Làng nổi Tân Lập,Long An,Miền Nam
Cảng biển Tân Lập,Long An,Miền Nam
Cù lao Thới Sơn,Tiền Giang,Miền Nam
Chợ nổi Cái Bè,Tiền Giang,Miền Nam
Cồn Phụng,Bến Tre,Miền Nam
Làng nghề kẹo dừa,Bến Tre,Miền Nam
Cù lao An Bình,Vĩnh Long,Miền Nam
Ao Bà Om,Trà Vinh,Miền Nam
Chùa Âng,Trà Vinh,Miền Nam
Chùa Dơi,Sóc Trăng,Miền Nam
Chùa Chén Kiểu,Sóc Trăng,Miền Nam
Nhà công tử Bạc Liêu,Bạc Liêu,Miền Nam
Cánh đồng điện gió,Bạc Liêu,Miền Nam
Đất Mũi,Cà Mau,Miền Nam
Đầm Thị Tường,Cà Mau,Miền Nam
Hòn Khoai,Cà Mau,Miền Nam
Rừng tràm Trà Sư,An Giang,Miền Nam
Núi Sam,An Giang,Miền Nam
Châu Đốc,An Giang,Miền Nam
Phú Quốc,Kiên Giang,Miền Nam
Hà Tiên,Kiên Giang,Miền Nam
Quần đảo Nam Du,Kiên Giang,Miền Nam
KDL Lung Ngọc Hoàng,Hậu Giang,Miền Nam
Chợ nổi Cái Răng,Cần Thơ,Miền Nam
Bến Ninh Kiều,Cần Thơ,Miền Nam
Nhà cổ Bình Thủy,Cần Thơ,Miền Nam
